<?xml version="1.0" encoding="UTF-8"?>
<!DOCTYPE suite SYSTEM "https://testng.org/testng-1.0.dtd">
<suite name="Suite">
  <test thread-count="5" name="Test">
    <classes>
      <class name="com.internetapp.tests.TestNG_DisableTest"/>
      <class name="com.internetapp.tests.TestCalculator"/>
      <class name="com.internetapp.tests.Login"/>
      <class name="com.internetapp.tests.TestNG_EnableTimeout"/>
      <class name="com.internetapp.tests.TestCalculator2"/>
      <class name="com.internetapp.tests.CITIBANK_Login_Verification"/>
    </classes>
  </test> <!-- Test -->
</suite> <!-- Suite -->
